name,email,gender,GPA
Tessie LAM,tessie.lam.2014@sis.eunoia.edu.sg,F,1.11
Raymond Kong,raymond.kong.2013@sis.eunoia.edu.sg,M,1.11
Waajid Pillay,waajid.pillay.2013@business.eunoia.edu.sg,F,1.32
Scott Kong,scott.kong.2013@sis.eunoia.edu.sg,M,1.32
Nisarg Pillay,nisarg.pillay.2013@business.eunoia.edu.sg,F,1.47
Mildred LAM,mildred.lam.2013@sis.eunoia.edu.sg,F,1.51
Vivek Pillay,vivek.pillay.2010@business.eunoia.edu.sg,F,1.54
Satyanarayana Pillay,satyanarayana.pillay.2013@business.eunoia.edu.sg,F,1.54
Vinod Pillay,vinod.pillay.2011@business.eunoia.edu.sg,F,1.62
Santhanalakshmi Pillay,santhanalakshmi.pillay.2010@business.eunoia.edu.sg,F,1.62
Meeta Pillay,meeta.pillay.2013@business.eunoia.edu.sg,F,1.78
Martin Kong,martin.kong.2014@sis.eunoia.edu.sg,M,1.78
sushruth Pillay,sushruth.pillay.2011@business.eunoia.edu.sg,F,1.83
Ramani Pillay,ramani.pillay.2013@business.eunoia.edu.sg,F,1.83
Vijaya Pillay,vijaya.pillay.2013@business.eunoia.edu.sg,F,1.84
Samson Kong,samson.kong.2011@sis.eunoia.edu.sg,M,1.84
Ulaganathan Pillay,ulaganathan.pillay.2013@business.eunoia.edu.sg,F,1.88
Rosa LAM,rosa.lam.2011@sis.eunoia.edu.sg,F,1.88
Virgil Kong,virgil.kong.2013@sis.eunoia.edu.sg,M,1.89
Sarah WONG,sarah.wong.2014@law.eunoia.edu.sg,F,1.89
Tabitha LAM,tabitha.lam.2013@sis.eunoia.edu.sg,F,1.91
Randolph Kong,randolph.kong.2010@sis.eunoia.edu.sg,M,1.91
Mohan Pillay,mohan.pillay.2013@business.eunoia.edu.sg,F,1.93
Yamuna Pillay,yamuna.pillay.2010@business.eunoia.edu.sg,F,1.95
Shilpa Pillay,shilpa.pillay.2013@business.eunoia.edu.sg,F,1.95
Mike Kong,mike.kong.2012@sis.eunoia.edu.sg,M,1.96
Stephanie LAM,stephanie.lam.2014@sis.eunoia.edu.sg,F,1.97
Quentin Kong,quentin.kong.2012@sis.eunoia.edu.sg,M,1.97
Martha LAM,martha.lam.2010@sis.eunoia.edu.sg,F,1.99
Maud LAM,maud.lam.2014@sis.eunoia.edu.sg,F,2.01
Yadwinder Pillay,yadwinder.pillay.2012@business.eunoia.edu.sg,F,2.02
Sheshi Pillay,sheshi.pillay.2013@business.eunoia.edu.sg,F,2.02
Suman Pillay,suman.pillay.2013@business.eunoia.edu.sg,F,2.04
Rajaraman Pillay,rajaraman.pillay.2012@business.eunoia.edu.sg,F,2.04
Shyam Pillay,shyam.pillay.2013@business.eunoia.edu.sg,F,2.05
Pragya Pillay,pragya.pillay.2014@business.eunoia.edu.sg,F,2.05
Nell LAM,nell.lam.2013@sis.eunoia.edu.sg,F,2.05
Muriel LAM,muriel.lam.2013@sis.eunoia.edu.sg,F,2.06
Mansha Pillay,mansha.pillay.2014@business.eunoia.edu.sg,F,2.07
Vincent Fan,vincent.fan.2012@economics.eunoia.edu.sg,M,2.1
Sanjay Pillay,sanjay.pillay.2012@business.eunoia.edu.sg,F,2.1
Toby Kong,toby.kong.2014@sis.eunoia.edu.sg,M,2.11
Robert Kong,robert.kong.2011@sis.eunoia.edu.sg,M,2.11
Manas Pillay,manas.pillay.2012@business.eunoia.edu.sg,F,2.11
Siddhartha Pillay,siddhartha.pillay.2013@business.eunoia.edu.sg,F,2.14
Shreya Pillay,shreya.pillay.2011@business.eunoia.edu.sg,F,2.14
Prakash Pillay,prakash.pillay.2013@business.eunoia.edu.sg,F,2.14
Phyllis LAM,phyllis.lam.2014@sis.eunoia.edu.sg,F,2.14
Patricia LAM,patricia.lam.2014@sis.eunoia.edu.sg,F,2.14
Malathi  Pillay,malathi.pillay.2013@business.eunoia.edu.sg,F,2.14
Xavier WONG,xavier.wong.2012@law.eunoia.edu.sg,M,2.15
Shekhar Pillay,shekhar.pillay.2013@business.eunoia.edu.sg,F,2.15
Narayana Pillay,narayana.pillay.2013@business.eunoia.edu.sg,F,2.16
Sunaina Pillay,sunaina.pillay.2013@business.eunoia.edu.sg,F,2.17
Rajesh Pillay,rajesh.pillay.2014@business.eunoia.edu.sg,F,2.17
Viraj Pillay,viraj.pillay.2012@business.eunoia.edu.sg,F,2.18
Sarah LAM,sarah.lam.2011@sis.eunoia.edu.sg,F,2.18
Oliver WONG,oliver.wong.2011@law.eunoia.edu.sg,F,2.18
Willard Kong,willard.kong.2011@sis.eunoia.edu.sg,M,2.19
Wilfrid Kong,wilfrid.kong.2012@sis.eunoia.edu.sg,M,2.19
Sharmeela Pillay,sharmeela.pillay.2012@business.eunoia.edu.sg,F,2.19
Shanti Pillay,shanti.pillay.2010@business.eunoia.edu.sg,F,2.19
Mahendra Pillay,mahendra.pillay.2013@business.eunoia.edu.sg,F,2.19
Susanna LAM,susanna.lam.2013@sis.eunoia.edu.sg,F,2.21
Simon Kong,simon.kong.2013@sis.eunoia.edu.sg,M,2.21
Ramakanth Pillay,ramakanth.pillay.2013@business.eunoia.edu.sg,F,2.21
Pranav Pillay,pranav.pillay.2013@business.eunoia.edu.sg,F,2.21
Uma Pillay,uma.pillay.2013@business.eunoia.edu.sg,F,2.22
Thelma LAM,thelma.lam.2013@sis.eunoia.edu.sg,F,2.22
Sripathi Pillay,sripathi.pillay.2012@business.eunoia.edu.sg,F,2.22
Rosalia LAM,rosalia.lam.2011@sis.eunoia.edu.sg,F,2.22
Reine LAM,reine.lam.2013@sis.eunoia.edu.sg,F,2.22
Puga Pillay,puga.pillay.2013@business.eunoia.edu.sg,F,2.22
Stanley Kong,stanley.kong.2013@sis.eunoia.edu.sg,M,2.23
Purnam Pillay,purnam.pillay.2013@business.eunoia.edu.sg,F,2.23
Nelson Kong,nelson.kong.2013@sis.eunoia.edu.sg,M,2.23
Wayne Kong,wayne.kong.2010@sis.eunoia.edu.sg,M,2.24
Virginia LAM,virginia.lam.2014@sis.eunoia.edu.sg,F,2.24
Shalaka Pillay,shalaka.pillay.2013@business.eunoia.edu.sg,F,2.24
Sarasvati Pillay,sarasvati.pillay.2013@business.eunoia.edu.sg,F,2.24
Marshall Kong,marshall.kong.2010@sis.eunoia.edu.sg,M,2.24
Violette LAM,violette.lam.2014@sis.eunoia.edu.sg,F,2.25
Unity WONG,unity.wong.2010@law.eunoia.edu.sg,M,2.25
Una LAM,una.lam.2014@sis.eunoia.edu.sg,F,2.25
Ujwala Pillay,ujwala.pillay.2013@business.eunoia.edu.sg,F,2.25
Shraddha Pillay,shraddha.pillay.2012@business.eunoia.edu.sg,F,2.25
Sara LAM,sara.lam.2012@sis.eunoia.edu.sg,F,2.25
Rosamund LAM,rosamund.lam.2014@sis.eunoia.edu.sg,F,2.25
Rosalind LAM,rosalind.lam.2014@sis.eunoia.edu.sg,F,2.25
Ronald Kong,ronald.kong.2012@sis.eunoia.edu.sg,M,2.25
Phillip Kong,phillip.kong.2013@sis.eunoia.edu.sg,M,2.25
Olive LAM,olive.lam.2013@sis.eunoia.edu.sg,F,2.25
Vaibhav Pillay,vaibhav.pillay.2010@business.eunoia.edu.sg,F,2.26
Suresh Pillay,suresh.pillay.2011@business.eunoia.edu.sg,F,2.26
Sibyl LAM,sibyl.lam.2014@sis.eunoia.edu.sg,F,2.26
Shubhashree Pillay,shubhashree.pillay.2010@business.eunoia.edu.sg,F,2.26
Roy Kong,roy.kong.2011@sis.eunoia.edu.sg,M,2.26
Ram Pillay,ram.pillay.2013@business.eunoia.edu.sg,F,2.26
Prajakta Pillay,prajakta.pillay.2013@business.eunoia.edu.sg,F,2.26
Prachi Pillay,prachi.pillay.2012@business.eunoia.edu.sg,F,2.26
Neha Pillay,neha.pillay.2010@business.eunoia.edu.sg,F,2.26
Vaidehi Pillay,vaidehi.pillay.2012@business.eunoia.edu.sg,F,2.28
Theerth Pillay,theerth.pillay.2014@business.eunoia.edu.sg,F,2.28
Sridhar Pillay,sridhar.pillay.2011@business.eunoia.edu.sg,F,2.28
Roy WONG,roy.wong.2011@law.eunoia.edu.sg,M,2.28
Reina LAM,reina.lam.2014@sis.eunoia.edu.sg,F,2.28
Priyamvadha Pillay,priyamvadha.pillay.2013@business.eunoia.edu.sg,F,2.28
Oonah LAM,oonah.lam.2011@sis.eunoia.edu.sg,F,2.28
Nihal Pillay,nihal.pillay.2011@business.eunoia.edu.sg,F,2.28
Mayme LAM,mayme.lam.2010@sis.eunoia.edu.sg,F,2.28
Vinu Pillay,vinu.pillay.2010@business.eunoia.edu.sg,F,2.29
Tillie LAM,tillie.lam.2011@sis.eunoia.edu.sg,F,2.29
Santhosh Pillay,santhosh.pillay.2014@business.eunoia.edu.sg,F,2.29
Rhoda LAM,rhoda.lam.2013@sis.eunoia.edu.sg,F,2.29
Maura LAM,maura.lam.2013@sis.eunoia.edu.sg,F,2.29
Mercy LAM,mercy.lam.2014@sis.eunoia.edu.sg,F,2.3
Ted Kong,ted.kong.2013@sis.eunoia.edu.sg,M,2.32
Sylvia LAM,sylvia.lam.2010@sis.eunoia.edu.sg,F,2.32
Snigdha Pillay,snigdha.pillay.2013@business.eunoia.edu.sg,F,2.32
Rasika Pillay,rasika.pillay.2010@business.eunoia.edu.sg,F,2.32
Ramu Pillay,ramu.pillay.2011@business.eunoia.edu.sg,F,2.32
Prathap Pillay,prathap.pillay.2012@business.eunoia.edu.sg,F,2.32
Surya  Pillay,surya.pillay.2010@business.eunoia.edu.sg,F,2.33
Siddharth Pillay,siddharth.pillay.2013@business.eunoia.edu.sg,F,2.33
Rama Pillay,rama.pillay.2013@business.eunoia.edu.sg,F,2.33
Prajna Pillay,prajna.pillay.2013@business.eunoia.edu.sg,F,2.33
Yashovardhan Pillay,yashovardhan.pillay.2010@business.eunoia.edu.sg,F,2.34
Vincent Kong,vincent.kong.2014@sis.eunoia.edu.sg,M,2.34
Shirishgauri Pillay,shirishgauri.pillay.2013@business.eunoia.edu.sg,F,2.34
Sankalp Pillay,sankalp.pillay.2011@business.eunoia.edu.sg,F,2.34
Maynard Kong,maynard.kong.2012@sis.eunoia.edu.sg,M,2.34
Stewart Kong,stewart.kong.2011@sis.eunoia.edu.sg,M,2.36
Rachel LAM,rachel.lam.2010@sis.eunoia.edu.sg,F,2.36
Muralidharan Pillay,muralidharan.pillay.2010@business.eunoia.edu.sg,F,2.36
Wilbert Kong,wilbert.kong.2013@sis.eunoia.edu.sg,M,2.37
Sooraj Pillay,sooraj.pillay.2013@business.eunoia.edu.sg,F,2.37
Shane Kong,shane.kong.2011@sis.eunoia.edu.sg,M,2.37
Preeta Pillay,preeta.pillay.2011@business.eunoia.edu.sg,F,2.37
Nikhil Pillay,nikhil.pillay.2010@business.eunoia.edu.sg,F,2.37
Winston Kong,winston.kong.2014@sis.eunoia.edu.sg,M,2.38
Wilma LAM,wilma.lam.2010@sis.eunoia.edu.sg,F,2.38
Vikas Pillay,vikas.pillay.2012@business.eunoia.edu.sg,F,2.38
Sheetal Pillay,sheetal.pillay.2014@business.eunoia.edu.sg,F,2.38
Shashi Pillay,shashi.pillay.2010@business.eunoia.edu.sg,F,2.38
Samyukta Pillay,samyukta.pillay.2010@business.eunoia.edu.sg,F,2.38
Padmanabh Pillay,padmanabh.pillay.2013@business.eunoia.edu.sg,F,2.38
Mona LAM,mona.lam.2014@sis.eunoia.edu.sg,F,2.38
Zorro Fan,zorro.fan.2010@economics.eunoia.edu.sg,F,2.4
Vanessa LAM,vanessa.lam.2012@sis.eunoia.edu.sg,F,2.4
Shridhar Pillay,shridhar.pillay.2012@business.eunoia.edu.sg,F,2.41
Polly LAM,polly.lam.2013@sis.eunoia.edu.sg,F,2.41
Theodora LAM,theodora.lam.2013@sis.eunoia.edu.sg,F,2.42
Rekha Pillay,rekha.pillay.2010@business.eunoia.edu.sg,F,2.42
Maria LAM,maria.lam.2014@sis.eunoia.edu.sg,F,2.42
Vibhu Pillay,vibhu.pillay.2013@business.eunoia.edu.sg,F,2.43
Sures Pillay,sures.pillay.2013@business.eunoia.edu.sg,F,2.43
Salome LAM,salome.lam.2014@sis.eunoia.edu.sg,F,2.43
Ralph Kong,ralph.kong.2011@sis.eunoia.edu.sg,M,2.43
Matthew Kong,matthew.kong.2013@sis.eunoia.edu.sg,M,2.43
Vinay Pillay,vinay.pillay.2012@business.eunoia.edu.sg,F,2.44
Sanford Kong,sanford.kong.2014@sis.eunoia.edu.sg,M,2.44
"Olivier Kong  aka ""Ah Lian""",olivier.kong.2013@sis.eunoia.edu.sg,M,2.44
Norman Kong,norman.kong.2013@sis.eunoia.edu.sg,M,2.44
Michelle LAM,michelle.lam.2013@sis.eunoia.edu.sg,F,2.44
Meghna Pillay,meghna.pillay.2013@business.eunoia.edu.sg,F,2.44
Maisie LAM,maisie.lam.2013@sis.eunoia.edu.sg,F,2.44
Sushir Pillay,sushir.pillay.2012@business.eunoia.edu.sg,F,2.45
Raman Pillay,raman.pillay.2013@business.eunoia.edu.sg,F,2.45
Merle Kong,merle.kong.2014@sis.eunoia.edu.sg,M,2.45
Meinrad Kong,meinrad.kong.2011@sis.eunoia.edu.sg,M,2.45
Viveka Pillay,viveka.pillay.2014@business.eunoia.edu.sg,F,2.46
Victoria LAM,victoria.lam.2011@sis.eunoia.edu.sg,F,2.46
Tushar Pillay,tushar.pillay.2013@business.eunoia.edu.sg,F,2.46
Saul Kong,saul.kong.2014@sis.eunoia.edu.sg,M,2.46
Samarchita Pillay,samarchita.pillay.2011@business.eunoia.edu.sg,F,2.46
Rohan Pillay,rohan.pillay.2013@business.eunoia.edu.sg,F,2.46
Percy Kong,percy.kong.2014@sis.eunoia.edu.sg,M,2.46
Nishant Pillay,nishant.pillay.2013@business.eunoia.edu.sg,F,2.46
Theodoric Kong,theodoric.kong.2012@sis.eunoia.edu.sg,M,2.49
Reuben Kong,reuben.kong.2013@sis.eunoia.edu.sg,M,2.49
Vernon Kong,vernon.kong.2010@sis.eunoia.edu.sg,M,2.5
Vandana Pillay,vandana.pillay.2010@business.eunoia.edu.sg,F,2.5
Simona LAM,simona.lam.2013@sis.eunoia.edu.sg,F,2.5
Saket Pillay,saket.pillay.2012@business.eunoia.edu.sg,F,2.5
Rufus Kong,rufus.kong.2014@sis.eunoia.edu.sg,M,2.5
Pranay Pillay,pranay.pillay.2013@business.eunoia.edu.sg,F,2.5
Mira Pillay,mira.pillay.2013@business.eunoia.edu.sg,F,2.5
Shrinivas Pillay,shrinivas.pillay.2010@business.eunoia.edu.sg,F,2.51
Poornima Pillay,poornima.pillay.2011@business.eunoia.edu.sg,F,2.51
Neema Pillay,neema.pillay.2010@business.eunoia.edu.sg,F,2.51
Varun Pillay,varun.pillay.2013@business.eunoia.edu.sg,F,2.52
Soumen Pillay,soumen.pillay.2013@business.eunoia.edu.sg,F,2.52
Shreedhan Pillay,shreedhan.pillay.2010@business.eunoia.edu.sg,F,2.52
Shree Pillay,shree.pillay.2011@business.eunoia.edu.sg,F,2.52
Sabyasachi Pillay,sabyasachi.pillay.2013@business.eunoia.edu.sg,F,2.52
Prema Pillay,prema.pillay.2013@business.eunoia.edu.sg,F,2.52
Philomena LAM,philomena.lam.2013@sis.eunoia.edu.sg,F,2.52
Phillis LAM,phillis.lam.2014@sis.eunoia.edu.sg,F,2.52
Murali Pillay,murali.pillay.2011@business.eunoia.edu.sg,F,2.52
Matthias Kong,matthias.kong.2013@sis.eunoia.edu.sg,M,2.52
Timothy Kong,timothy.kong.2011@sis.eunoia.edu.sg,M,2.53
Tess LAM,tess.lam.2014@sis.eunoia.edu.sg,F,2.53
Steven Kong,steven.kong.2012@sis.eunoia.edu.sg,M,2.53
Richard Kong,richard.kong.2011@sis.eunoia.edu.sg,M,2.53
Rawan Pillay,rawan.pillay.2011@business.eunoia.edu.sg,F,2.53
Quitter Fan,quitter.fan.2014@economics.eunoia.edu.sg,M,2.53
Paul Fan,paul.fan.2011@economics.eunoia.edu.sg,M,2.53
Zoa LAM,zoa.lam.2013@sis.eunoia.edu.sg,F,2.54
Willis Kong,willis.kong.2014@sis.eunoia.edu.sg,M,2.54
Viswanath Pillay,viswanath.pillay.2011@business.eunoia.edu.sg,F,2.54
Varad Pillay,varad.pillay.2013@business.eunoia.edu.sg,F,2.54
Tobias Kong,tobias.kong.2010@sis.eunoia.edu.sg,M,2.54
Shashank Pillay,shashank.pillay.2011@business.eunoia.edu.sg,F,2.54
Satya Pillay,satya.pillay.2013@business.eunoia.edu.sg,F,2.54
Russel Kong,russel.kong.2013@sis.eunoia.edu.sg,M,2.54
Olivia LAM,olivia.lam.2013@sis.eunoia.edu.sg,F,2.54
Mae LAM,mae.lam.2014@sis.eunoia.edu.sg,F,2.54
Warren Kong,warren.kong.2011@sis.eunoia.edu.sg,M,2.55
Vaughan Kong,vaughan.kong.2011@sis.eunoia.edu.sg,M,2.55
Seymour Kong,seymour.kong.2012@sis.eunoia.edu.sg,M,2.55
Sadhana Pillay,sadhana.pillay.2011@business.eunoia.edu.sg,F,2.55
Nakul Pillay,nakul.pillay.2013@business.eunoia.edu.sg,F,2.55
Marguerite LAM,marguerite.lam.2014@sis.eunoia.edu.sg,F,2.55
Udayan Pillay,udayan.pillay.2012@business.eunoia.edu.sg,F,2.56
"Tina, LAM",tina.lam.2011@sis.eunoia.edu.sg,F,2.56
Subrahmanyam Pillay,subrahmanyam.pillay.2010@business.eunoia.edu.sg,F,2.56
Sophie LAM,sophie.lam.2013@sis.eunoia.edu.sg,F,2.56
Romil Pillay,romil.pillay.2013@business.eunoia.edu.sg,F,2.56
Rishi Pillay,rishi.pillay.2013@business.eunoia.edu.sg,F,2.56
Radhika Pillay,radhika.pillay.2010@business.eunoia.edu.sg,F,2.56
Preeti Pillay,preeti.pillay.2014@business.eunoia.edu.sg,F,2.56
Nikhil Pillay,nikhil.pillay.2011@business.eunoia.edu.sg,F,2.56
Sonia LAM,sonia.lam.2011@sis.eunoia.edu.sg,F,2.57
Pratyush Pillay,pratyush.pillay.2010@business.eunoia.edu.sg,F,2.57
Mohit Pillay,mohit.pillay.2013@business.eunoia.edu.sg,F,2.57
Marianne LAM,marianne.lam.2014@sis.eunoia.edu.sg,F,2.57
Utpala Pillay,utpala.pillay.2012@business.eunoia.edu.sg,F,2.58
Ulysses Kong,ulysses.kong.2013@sis.eunoia.edu.sg,M,2.58
Tony Kong,tony.kong.2013@sis.eunoia.edu.sg,M,2.58
Sneha Pillay,sneha.pillay.2013@business.eunoia.edu.sg,F,2.58
Silas Kong,silas.kong.2014@sis.eunoia.edu.sg,M,2.58
Rowena LAM,rowena.lam.2011@sis.eunoia.edu.sg,F,2.58
Rosalba LAM,rosalba.lam.2010@sis.eunoia.edu.sg,F,2.58
Robin Kong,robin.kong.2010@sis.eunoia.edu.sg,M,2.58
Prashant Pillay,prashant.pillay.2010@business.eunoia.edu.sg,F,2.58
Pramit Pillay,pramit.pillay.2013@business.eunoia.edu.sg,F,2.58
Oswold Kong,oswold.kong.2014@sis.eunoia.edu.sg,M,2.58
Noel LAM,noel.lam.2010@sis.eunoia.edu.sg,F,2.58
Nihar Pillay,nihar.pillay.2010@business.eunoia.edu.sg,F,2.58
Nana LAM,nana.lam.2011@sis.eunoia.edu.sg,F,2.58
Mridul Pillay,mridul.pillay.2012@business.eunoia.edu.sg,F,2.58
Waldo Kong,waldo.kong.2013@sis.eunoia.edu.sg,M,2.59
Surendhar Pillay,surendhar.pillay.2012@business.eunoia.edu.sg,F,2.59
Sriram Pillay,sriram.pillay.2011@business.eunoia.edu.sg,F,2.59
Shweta Pillay,shweta.pillay.2013@business.eunoia.edu.sg,F,2.59
Seamus Kong,seamus.kong.2013@sis.eunoia.edu.sg,M,2.59
Rakesh Pillay,rakesh.pillay.2013@business.eunoia.edu.sg,F,2.59
Puganeshwary Pillay,puganeshwary.pillay.2013@business.eunoia.edu.sg,F,2.59
Pragati Pillay,pragati.pillay.2014@business.eunoia.edu.sg,F,2.59
Paras Pillay,paras.pillay.2010@business.eunoia.edu.sg,F,2.59
Melvin Kong,melvin.kong.2010@sis.eunoia.edu.sg,M,2.59
Mary LAM,mary.lam.2013@sis.eunoia.edu.sg,F,2.59
Zita LAM,zita.lam.2013@sis.eunoia.edu.sg,F,2.6
Vinatha Pillay,vinatha.pillay.2010@business.eunoia.edu.sg,F,2.6
Tina Pillay,tina.pillay.2014@business.eunoia.edu.sg,F,2.6
Sandy Kong,sandy.kong.2010@sis.eunoia.edu.sg,M,2.6
Manoj Pillay,manoj.pillay.2011@business.eunoia.edu.sg,F,2.6
Magdalen LAM,magdalen.lam.2014@sis.eunoia.edu.sg,F,2.6
Winne WONG,winnie.wong.2011@law.eunoia.edu.sg,F,2.61
Uriah Kong,uriah.kong.2013@sis.eunoia.edu.sg,M,2.61
Sheela Pillay,sheela.pillay.2010@business.eunoia.edu.sg,F,2.61
Rosanne LAM,rosanne.lam.2014@sis.eunoia.edu.sg,F,2.61
Naveed Pillay,naveed.pillay.2013@business.eunoia.edu.sg,F,2.61
Meredith Kong,meredith.kong.2014@sis.eunoia.edu.sg,M,2.61
Timothy WONG,timothy.wong.2014@law.eunoia.edu.sg,M,2.62
Srinath Pillay,srinath.pillay.2011@business.eunoia.edu.sg,F,2.62
Rishad Pillay,rishad.pillay.2013@business.eunoia.edu.sg,F,2.62
Protima Pillay,protima.pillay.2013@business.eunoia.edu.sg,F,2.62
Miriam LAM,miriam.lam.2014@sis.eunoia.edu.sg,F,2.62
Magdalene LAM,magdalene.lam.2014@sis.eunoia.edu.sg,F,2.62
Yash Pillay,yash.pillay.2012@business.eunoia.edu.sg,F,2.63
Wenceslaus Kong,wenceslaus.kong.2014@sis.eunoia.edu.sg,M,2.63
Sinclair Kong,sinclair.kong.2013@sis.eunoia.edu.sg,M,2.63
Shuili Pillay,shuili.pillay.2014@business.eunoia.edu.sg,F,2.63
Shilpi Pillay,shilpi.pillay.2013@business.eunoia.edu.sg,F,2.63
Shalmali Pillay,shalmali.pillay.2013@business.eunoia.edu.sg,F,2.63
Pranil Pillay,pranil.pillay.2013@business.eunoia.edu.sg,F,2.63
Pradeep Pillay,pradeep.pillay.2011@business.eunoia.edu.sg,F,2.63
Nora LAM,nora.lam.2011@sis.eunoia.edu.sg,F,2.63
Vanya Pillay,vanya.pillay.2014@business.eunoia.edu.sg,F,2.64
Suzanne LAM,suzanne.lam.2012@sis.eunoia.edu.sg,F,2.64
Rupert Kong,rupert.kong.2013@sis.eunoia.edu.sg,M,2.64
Ramdev Pillay,ramdev.pillay.2013@business.eunoia.edu.sg,F,2.64
Perry Kong,perry.kong.2013@sis.eunoia.edu.sg,M,2.64
Naresh Pillay,naresh.pillay.2013@business.eunoia.edu.sg,F,2.64
Mark Kong,mark.kong.2011@sis.eunoia.edu.sg,M,2.64
Vivian Kong,vivian.kong.2013@sis.eunoia.edu.sg,M,2.65
Vijay Pillay,vijay.pillay.2013@business.eunoia.edu.sg,F,2.65
Saumya Pillay,saumya.pillay.2013@business.eunoia.edu.sg,F,2.65
Sampson Kong,sampson.kong.2012@sis.eunoia.edu.sg,M,2.65
Pearl LAM,pearl.lam.2013@sis.eunoia.edu.sg,F,2.65
Manjula Pillay,manjula.pillay.2011@business.eunoia.edu.sg,F,2.65
Madison LAM,madison.lam.2014@sis.eunoia.edu.sg,F,2.65
Yashpal Pillay,yashpal.pillay.2012@business.eunoia.edu.sg,F,2.66
Stuart Kong,stuart.kong.2011@sis.eunoia.edu.sg,M,2.66
Shirley LAM,shirley.lam.2014@sis.eunoia.edu.sg,F,2.66
Radhalakshmi Pillay,radhalakshmi.pillay.2011@business.eunoia.edu.sg,F,2.66
Perceval Kong,perceval.kong.2010@sis.eunoia.edu.sg,M,2.66
Nilesh Pillay,nilesh.pillay.2014@business.eunoia.edu.sg,F,2.66
Neeraj Pillay,neeraj.pillay.2012@business.eunoia.edu.sg,F,2.66
Narayanan Pillay,narayanan.pillay.2013@business.eunoia.edu.sg,F,2.66
Mitu Pillay,mitu.pillay.2013@business.eunoia.edu.sg,F,2.66
Owen Kong,owen.kong.2013@sis.eunoia.edu.sg,M,2.67
Meg LAM,meg.lam.2011@sis.eunoia.edu.sg,F,2.67
Manjunath Pillay,manjunath.pillay.2010@business.eunoia.edu.sg,F,2.67
Vishruth Pillay,vishruth.pillay.2012@business.eunoia.edu.sg,F,2.68
Vani Pillay,vani.pillay.2014@business.eunoia.edu.sg,F,2.68
Sarwagya Pillay,sarwagya.pillay.2013@business.eunoia.edu.sg,F,2.68
Rukmani Pillay,rukmani.pillay.2013@business.eunoia.edu.sg,F,2.68
Nagaraja Pillay,nagaraja.pillay.2012@business.eunoia.edu.sg,F,2.68
Minnie LAM,minnie.lam.2011@sis.eunoia.edu.sg,F,2.68
Valarie WONG,valarie.wong.2011@law.eunoia.edu.sg,F,2.69
Ruchi Pillay,ruchi.pillay.2013@business.eunoia.edu.sg,F,2.69
Nancy LAM,nancy.lam.2013@sis.eunoia.edu.sg,F,2.69
Megha Pillay,megha.pillay.2013@business.eunoia.edu.sg,F,2.69
Marjory LAM,marjory.lam.2011@sis.eunoia.edu.sg,F,2.69
Margery LAM,margery.lam.2010@sis.eunoia.edu.sg,F,2.69
Nutan Pillay,nutan.pillay.2013@business.eunoia.edu.sg,F,2.7
Manpreet Pillay,manpreet.pillay.2010@business.eunoia.edu.sg,F,2.7
Uday Pillay,uday.pillay.2011@business.eunoia.edu.sg,F,2.71
Soumitra Pillay,soumitra.pillay.2012@business.eunoia.edu.sg,F,2.71
Rohit Pillay,rohit.pillay.2013@business.eunoia.edu.sg,F,2.71
Priscilla LAM,priscilla.lam.2013@sis.eunoia.edu.sg,F,2.71
Nanette LAM,nanette.lam.2014@sis.eunoia.edu.sg,F,2.71
Neelima Pillay,neelima.pillay.2011@business.eunoia.edu.sg,F,2.72
Nathanie Kong,nathanie.kong.2010@sis.eunoia.edu.sg,M,2.72
Wallace Kong,wallace.kong.2012@sis.eunoia.edu.sg,M,2.73
Sean Kong,sean.kong.2013@sis.eunoia.edu.sg,M,2.73
Zen WONG,zen.wong.2014@law.eunoia.edu.sg,M,2.74
Tilly LAM,tilly.lam.2010@sis.eunoia.edu.sg,F,2.74
Minette LAM,minette.lam.2011@sis.eunoia.edu.sg,F,2.74
Marvin Kong,marvin.kong.2014@sis.eunoia.edu.sg,M,2.74
Mandira Pillay,mandira.pillay.2010@business.eunoia.edu.sg,F,2.74
Shreyas Pillay,shreyas.pillay.2010@business.eunoia.edu.sg,F,2.75
Pia LAM,pia.lam.2014@sis.eunoia.edu.sg,F,2.75
Padma Pillay,padma.pillay.2013@business.eunoia.edu.sg,F,2.75
Mervin Kong,mervin.kong.2013@sis.eunoia.edu.sg,M,2.75
Melissa LAM,melissa.lam.2014@sis.eunoia.edu.sg,F,2.75
Mangesh Pillay,mangesh.pillay.2011@business.eunoia.edu.sg,F,2.75
Yeshoda Pillay,yeshoda.pillay.2012@business.eunoia.edu.sg,F,2.76
Shivani Pillay,shivani.pillay.2013@business.eunoia.edu.sg,F,2.76
Nan LAM,nan.lam.2010@sis.eunoia.edu.sg,F,2.76
Marcus Kong,marcus.kong.2012@sis.eunoia.edu.sg,M,2.76
Walter Kong,walter.kong.2012@sis.eunoia.edu.sg,M,2.77
Sebastian Kong,sebastian.kong.2013@sis.eunoia.edu.sg,M,2.77
Paul Kong,paul.kong.2011@sis.eunoia.edu.sg,M,2.77
Narendra Pillay,narendra.pillay.2013@business.eunoia.edu.sg,F,2.77
Ursula LAM,ursula.lam.2014@sis.eunoia.edu.sg,F,2.78
Trilokesh Pillay,trilokesh.pillay.2013@business.eunoia.edu.sg,F,2.78
Rosemary LAM,rosemary.lam.2013@sis.eunoia.edu.sg,F,2.78
Rock Kong,rock.kong.2014@sis.eunoia.edu.sg,M,2.78
Mangala Pillay,mangala.pillay.2012@business.eunoia.edu.sg,F,2.78
Yeaso Pillay,yeaso.pillay.2013@business.eunoia.edu.sg,F,2.79
Yajur Pillay,yajur.pillay.2011@business.eunoia.edu.sg,F,2.79
Shiva Pillay,shiva.pillay.2013@business.eunoia.edu.sg,F,2.79
Sheshikala Pillay,sheshikala.pillay.2013@business.eunoia.edu.sg,F,2.79
Norma LAM,norma.lam.2014@sis.eunoia.edu.sg,F,2.79
Terence Kong,terence.kong.2013@sis.eunoia.edu.sg,M,2.81
Sidney Kong,sidney.kong.2014@sis.eunoia.edu.sg,M,2.81
Rathnakar Pillay,rathnakar.pillay.2012@business.eunoia.edu.sg,F,2.81
Pramila Pillay,pramila.pillay.2013@business.eunoia.edu.sg,F,2.81
Ophelia LAM,ophelia.lam.2010@sis.eunoia.edu.sg,F,2.81
Wasim Pillay,wasim.pillay.2014@business.eunoia.edu.sg,F,2.82
Sophia LAM,sophia.lam.2011@sis.eunoia.edu.sg,F,2.82
Siva Pillay,siva.pillay.2013@business.eunoia.edu.sg,F,2.82
Shailaja Pillay,shailaja.pillay.2013@business.eunoia.edu.sg,F,2.82
Preetam Pillay,preetam.pillay.2010@business.eunoia.edu.sg,F,2.82
Prasad Pillay,prasad.pillay.2012@business.eunoia.edu.sg,F,2.82
Marcia LAM,marcia.lam.2012@sis.eunoia.edu.sg,F,2.82
Xcel Fan,xcel.fan.2010@economics.eunoia.edu.sg,M,2.83
Wayne Fan,wayne.fan.2012@economics.eunoia.edu.sg,M,2.83
Shelly LAM,shelly.lam.2014@sis.eunoia.edu.sg,F,2.83
Shailendra Pillay,shailendra.pillay.2013@business.eunoia.edu.sg,F,2.83
Milton Kong,milton.kong.2011@sis.eunoia.edu.sg,M,2.83
Susannah LAM,susannah.lam.2013@sis.eunoia.edu.sg,F,2.84
Ramakrishna Pillay,ramakrishna.pillay.2013@business.eunoia.edu.sg,F,2.84
Vishal Pillay,vishal.pillay.2011@business.eunoia.edu.sg,F,2.85
Saravanan kumar Pillay,saravanankumar.pillay.2013@business.eunoia.edu.sg,F,2.85
Nevil Kong,nevil.kong.2013@sis.eunoia.edu.sg,M,2.85
Vallerie LAM,vallerie.lam.2013@sis.eunoia.edu.sg,F,2.86
Silvya LAM,silvya.lam.2013@sis.eunoia.edu.sg,F,2.86
Shunmugha Priya Pillay,shunmughapriya.pillay.2014@business.eunoia.edu.sg,F,2.86
Shubhada Pillay,shubhada.pillay.2011@business.eunoia.edu.sg,F,2.86
Rudoph Kong,rudoph.kong.2010@sis.eunoia.edu.sg,M,2.86
Pran Pillay,pran.pillay.2013@business.eunoia.edu.sg,F,2.86
Prafulla Pillay,prafulla.pillay.2010@business.eunoia.edu.sg,F,2.86
Prabha Pillay,prabha.pillay.2010@business.eunoia.edu.sg,F,2.86
Noah Kong,noah.kong.2010@sis.eunoia.edu.sg,M,2.86
Vivian LAM,vivian.lam.2014@sis.eunoia.edu.sg,F,2.87
Viola LAM,viola.lam.2013@sis.eunoia.edu.sg,F,2.87
Stella LAM,stella.lam.2014@sis.eunoia.edu.sg,F,2.87
Saurav Pillay,saurav.pillay.2013@business.eunoia.edu.sg,F,2.87
Sapan Pillay,sapan.pillay.2014@business.eunoia.edu.sg,F,2.87
Purvi Pillay,purvi.pillay.2013@business.eunoia.edu.sg,F,2.87
Myron Kong,myron.kong.2012@sis.eunoia.edu.sg,M,2.87
Xavierdas Pillay,xavierdas.pillay.2013@business.eunoia.edu.sg,F,2.88
Shivranjani Pillay,shivranjani.pillay.2013@business.eunoia.edu.sg,F,2.88
Sheldon Kong,sheldon.kong.2010@sis.eunoia.edu.sg,M,2.88
Philip Kong,philip.kong.2013@sis.eunoia.edu.sg,M,2.88
Nandini Pillay,nandini.pillay.2013@business.eunoia.edu.sg,F,2.88
Miranda LAM,miranda.lam.2013@sis.eunoia.edu.sg,F,2.88
Yvette LAM,yvette.lam.2014@sis.eunoia.edu.sg,F,2.89
Veronica LAM,veronica.lam.2010@sis.eunoia.edu.sg,F,2.89
Vergil Kong,vergil.kong.2011@sis.eunoia.edu.sg,M,2.89
Trushar Pillay,trushar.pillay.2013@business.eunoia.edu.sg,F,2.89
Sita Pillay,sita.pillay.2013@business.eunoia.edu.sg,F,2.89
Sally LAM,sally.lam.2014@sis.eunoia.edu.sg,F,2.89
Sagnik Pillay,sagnik.pillay.2010@business.eunoia.edu.sg,F,2.89
Roger Kong,roger.kong.2013@sis.eunoia.edu.sg,M,2.89
Meha Pillay,meha.pillay.2013@business.eunoia.edu.sg,F,2.89
Yvonne LAM,yvonne.lam.2014@sis.eunoia.edu.sg,F,2.9
Sudhir Pillay,sudhir.pillay.2013@business.eunoia.edu.sg,F,2.9
Naren Pillay,naren.pillay.2013@business.eunoia.edu.sg,F,2.9
Mamie LAM,mamie.lam.2013@sis.eunoia.edu.sg,F,2.9
Terry LAM,terry.lam.2014@sis.eunoia.edu.sg,F,2.91
Suhani Pillay,suhani.pillay.2013@business.eunoia.edu.sg,F,2.91
Shivankush Pillay,shivankush.pillay.2013@business.eunoia.edu.sg,F,2.91
Ravikiran Pillay,ravikiran.pillay.2012@business.eunoia.edu.sg,F,2.91
Rajani Pillay,rajani.pillay.2011@business.eunoia.edu.sg,F,2.91
Phebe LAM,phebe.lam.2011@sis.eunoia.edu.sg,F,2.91
Parthasarathi Pillay,parthasarathi.pillay.2011@business.eunoia.edu.sg,F,2.91
Ward Kong,ward.kong.2011@sis.eunoia.edu.sg,M,2.92
Seth Kong,seth.kong.2012@sis.eunoia.edu.sg,M,2.92
Palak Pillay,palak.pillay.2013@business.eunoia.edu.sg,F,2.92
Nihit Pillay,nihit.pillay.2012@business.eunoia.edu.sg,F,2.92
Nelly LAM,nelly.lam.2012@sis.eunoia.edu.sg,F,2.92
Merry LAM,merry.lam.2014@sis.eunoia.edu.sg,F,2.92
Mathilda LAM,mathilda.lam.2014@sis.eunoia.edu.sg,F,2.92
Marian LAM,marian.lam.2014@sis.eunoia.edu.sg,F,2.92
Trupti Pillay,trupti.pillay.2013@business.eunoia.edu.sg,F,2.93
Sowjanya Pillay,sowjanya.pillay.2010@business.eunoia.edu.sg,F,2.93
Rodney Kong,rodney.kong.2013@sis.eunoia.edu.sg,M,2.93
Prithwish Pillay,prithwish.pillay.2013@business.eunoia.edu.sg,F,2.93
Olga LAM,olga.lam.2013@sis.eunoia.edu.sg,F,2.93
Maybelle LAM,maybelle.lam.2011@sis.eunoia.edu.sg,F,2.93
Violet LAM,violet.lam.2014@sis.eunoia.edu.sg,F,2.94
Usha Pillay,usha.pillay.2013@business.eunoia.edu.sg,F,2.94
Tarun Pillay,tarun.pillay.2012@business.eunoia.edu.sg,F,2.94
Srinivas Pillay,srinivas.pillay.2010@business.eunoia.edu.sg,F,2.94
Saphir LAM,saphir.lam.2013@sis.eunoia.edu.sg,F,2.94
Roslyn LAM,roslyn.lam.2012@sis.eunoia.edu.sg,F,2.94
Rashmi Pillay,rashmi.pillay.2011@business.eunoia.edu.sg,F,2.94
Prudence LAM,prudence.lam.2012@sis.eunoia.edu.sg,F,2.94
Wesley Kong,wesley.kong.2013@sis.eunoia.edu.sg,M,2.95
Shamus Kong,shamus.kong.2011@sis.eunoia.edu.sg,M,2.95
Morgan Kong,morgan.kong.2010@sis.eunoia.edu.sg,M,2.95
Monica LAM,monica.lam.2014@sis.eunoia.edu.sg,F,2.95
Wilhelm Kong,wilhelm.kong.2012@sis.eunoia.edu.sg,M,2.96
Sumeet Pillay,sumeet.pillay.2013@business.eunoia.edu.sg,F,2.96
Sharad Pillay,sharad.pillay.2012@business.eunoia.edu.sg,F,2.96
Rajat Pillay,rajat.pillay.2010@business.eunoia.edu.sg,F,2.96
"Zoe ""aka"" Ah Mei",zoe.2013@sis.eunoia.edu.sg,F,2.97
Stephen Kong,stephen.kong.2012@sis.eunoia.edu.sg,M,2.97
SP kunalan Pillay,spkunalan.pillay.2013@business.eunoia.edu.sg,F,2.97
Unary Fan,unary.fan.2014@economics.eunoia.edu.sg,M,2.97
Quentin WONG,quentin.wong.2010@law.eunoia.edu.sg,M,2.97
Priya Pillay,priya.pillay.2013@business.eunoia.edu.sg,F,2.97
Paula LAM,paula.lam.2014@sis.eunoia.edu.sg,F,2.97
Nisheet Pillay,nisheet.pillay.2013@business.eunoia.edu.sg,F,2.97
Newton Kong,newton.kong.2012@sis.eunoia.edu.sg,M,2.97
Nagesh Pillay,nagesh.pillay.2014@business.eunoia.edu.sg,F,2.97
Mital Pillay,mital.pillay.2013@business.eunoia.edu.sg,F,2.97
Orlando Kong,orlando.kong.2012@sis.eunoia.edu.sg,M,2.98
Shyamala Pillay,shyamala.pillay.2013@business.eunoia.edu.sg,F,2.99
Prahlad Pillay,prahlad.pillay.2013@business.eunoia.edu.sg,F,2.99
Mayuri Pillay,mayuri.pillay.2013@business.eunoia.edu.sg,F,2.99
Matilda LAM,matilda.lam.2014@sis.eunoia.edu.sg,F,2.99
Tara Pillay,tara.pillay.2010@business.eunoia.edu.sg,F,3
Raphaela LAM,raphaela.lam.2014@sis.eunoia.edu.sg,F,3
Percival Kong,percival.kong.2011@sis.eunoia.edu.sg,M,3
Naintara Pillay,naintara.pillay.2014@business.eunoia.edu.sg,F,3
Maximilian Kong,maximilian.kong.2012@sis.eunoia.edu.sg,M,3
Marion Kong,marion.kong.2012@sis.eunoia.edu.sg,M,3
Urvasi Pillay,urvasi.pillay.2013@business.eunoia.edu.sg,F,3.01
Tapas Pillay,tapas.pillay.2011@business.eunoia.edu.sg,F,3.01
Sunayana Pillay,sunayana.pillay.2013@business.eunoia.edu.sg,F,3.01
Roshini Pillay,roshini.pillay.2013@business.eunoia.edu.sg,F,3.01
Raphael Kong,raphael.kong.2014@sis.eunoia.edu.sg,M,3.01
Rajnigandha Pillay,rajnigandha.pillay.2014@business.eunoia.edu.sg,F,3.01
Patrice LAM,patrice.lam.2014@sis.eunoia.edu.sg,F,3.01
Pascal Kong,pascal.kong.2013@sis.eunoia.edu.sg,M,3.01
Oscar Kong,oscar.kong.2011@sis.eunoia.edu.sg,M,3.01
Nancy WONG,nancy.wong.2012@law.eunoia.edu.sg,F,3.01
Waqar Pillay,waqar.pillay.2013@business.eunoia.edu.sg,F,3.02
Sujit Pillay,sujit.pillay.2013@business.eunoia.edu.sg,F,3.02
Selma LAM,selma.lam.2010@sis.eunoia.edu.sg,F,3.02
Rajarajeshwari Pillay,rajarajeshwari.pillay.2010@business.eunoia.edu.sg,F,3.02
Norine LAM,norine.lam.2014@sis.eunoia.edu.sg,F,3.02
Vaishnavi Pillay,vaishnavi.pillay.2012@business.eunoia.edu.sg,F,3.04
Umesh Pillay,umesh.pillay.2013@business.eunoia.edu.sg,F,3.04
Tom Kong,tom.kong.2014@sis.eunoia.edu.sg,M,3.04
Rucha Pillay,rucha.pillay.2013@business.eunoia.edu.sg,F,3.04
Rosalie LAM,rosalie.lam.2013@sis.eunoia.edu.sg,F,3.04
Roberta LAM,roberta.lam.2012@sis.eunoia.edu.sg,F,3.04
Paulette LAM,paulette.lam.2014@sis.eunoia.edu.sg,F,3.04
Pamela LAM,pamela.lam.2013@sis.eunoia.edu.sg,F,3.04
Nilay Pillay,nilay.pillay.2014@business.eunoia.edu.sg,F,3.04
Michael Kong,michael.kong.2013@sis.eunoia.edu.sg,M,3.04
Vishnu Pillay,vishnu.pillay.2010@business.eunoia.edu.sg,F,3.05
Tracy LAM,tracy.lam.2013@sis.eunoia.edu.sg,F,3.05
Silvia LAM,silvia.lam.2014@sis.eunoia.edu.sg,F,3.05
Saravanan Pillay,saravanan.pillay.2013@business.eunoia.edu.sg,F,3.05
Roch Kong,roch.kong.2014@sis.eunoia.edu.sg,M,3.05
Pramod Pillay,pramod.pillay.2013@business.eunoia.edu.sg,F,3.05
Utkarsha Pillay,utkarsha.pillay.2013@business.eunoia.edu.sg,F,3.06
Ross Kong,ross.kong.2011@sis.eunoia.edu.sg,M,3.06
Narayan Pillay,narayan.pillay.2013@business.eunoia.edu.sg,F,3.06
Vivien LAM,vivien.lam.2013@sis.eunoia.edu.sg,F,3.07
Udaya Pillay,udaya.pillay.2010@business.eunoia.edu.sg,F,3.07
Sayali Pillay,sayali.pillay.2013@business.eunoia.edu.sg,F,3.07
Roland Kong,roland.kong.2012@sis.eunoia.edu.sg,M,3.07
Nitish Pillay,nitish.pillay.2013@business.eunoia.edu.sg,F,3.07
Urvi Pillay,urvi.pillay.2013@business.eunoia.edu.sg,F,3.08
Thomas Kong,thomas.kong.2011@sis.eunoia.edu.sg,M,3.08
Rosita LAM,rosita.lam.2013@sis.eunoia.edu.sg,F,3.08
Reynold Kong,reynold.kong.2012@sis.eunoia.edu.sg,M,3.08
Neeli Pillay,neeli.pillay.2012@business.eunoia.edu.sg,F,3.08
Mrinal Pillay,mrinal.pillay.2011@business.eunoia.edu.sg,F,3.08
Maggie LAM,maggie.lam.2013@sis.eunoia.edu.sg,F,3.08
Penny LAM,penny.lam.2010@sis.eunoia.edu.sg,F,3.09
Norah LAM,norah.lam.2013@sis.eunoia.edu.sg,F,3.09
Neeraja Pillay,neeraja.pillay.2011@business.eunoia.edu.sg,F,3.09
Nava Pillay,nava.pillay.2013@business.eunoia.edu.sg,F,3.09
Mortimer Kong,mortimer.kong.2014@sis.eunoia.edu.sg,M,3.09
Mouli Pillay,mouli.pillay.2013@business.eunoia.edu.sg,F,3.1
Yamini Pillay,yamini.pillay.2011@business.eunoia.edu.sg,F,3.11
Shiladitya Pillay,shiladitya.pillay.2013@business.eunoia.edu.sg,F,3.11
Mihir Pillay,mihir.pillay.2013@business.eunoia.edu.sg,F,3.11
Penelope LAM,penelope.lam.2011@sis.eunoia.edu.sg,F,3.12
Neville Kong,neville.kong.2013@sis.eunoia.edu.sg,M,3.12
Mel Kong,mel.kong.2011@sis.eunoia.edu.sg,M,3.12
Woodrow Kong,woodrow.kong.2013@sis.eunoia.edu.sg,M,3.13
Vikalpa Pillay,vikalpa.pillay.2013@business.eunoia.edu.sg,F,3.13
Shefali Pillay,shefali.pillay.2014@business.eunoia.edu.sg,F,3.13
Samuel Kong,samuel.kong.2011@sis.eunoia.edu.sg,M,3.13
Oliver Kong,oliver.kong.2013@sis.eunoia.edu.sg,M,3.13
Manohar Pillay,manohar.pillay.2012@business.eunoia.edu.sg,F,3.13
Vikram Pillay,vikram.pillay.2011@business.eunoia.edu.sg,F,3.14
Vaugh Kong,vaugh.kong.2012@sis.eunoia.edu.sg,M,3.14
Sandra LAM,sandra.lam.2013@sis.eunoia.edu.sg,F,3.14
Sachita Pillay,sachita.pillay.2012@business.eunoia.edu.sg,F,3.14
Vasudha Pillay,vasudha.pillay.2013@business.eunoia.edu.sg,F,3.15
Srihith Pillay,srihith.pillay.2010@business.eunoia.edu.sg,F,3.15
Smitha Pillay,smitha.pillay.2013@business.eunoia.edu.sg,F,3.15
Sachin Pillay,sachin.pillay.2013@business.eunoia.edu.sg,F,3.15
Priyanka Pillay,priyanka.pillay.2013@business.eunoia.edu.sg,F,3.15
Prasanna Pillay,prasanna.pillay.2011@business.eunoia.edu.sg,F,3.15
Morris Kong,morris.kong.2014@sis.eunoia.edu.sg,M,3.15
Monroe Kong,monroe.kong.2011@sis.eunoia.edu.sg,M,3.17
Margaret LAM,margaret.lam.2011@sis.eunoia.edu.sg,F,3.17
Manav Pillay,manav.pillay.2011@business.eunoia.edu.sg,F,3.17
Vijesh Pillay,vijesh.pillay.2013@business.eunoia.edu.sg,F,3.18
Subramanya Pillay,subramanya.pillay.2014@business.eunoia.edu.sg,F,3.18
Soma Pillay,soma.pillay.2013@business.eunoia.edu.sg,F,3.18
Samuel Fan,samuel.fan.2012@economics.eunoia.edu.sg,M,3.18
Raghu Pillay,raghu.pillay.2012@business.eunoia.edu.sg,F,3.18
Pratima Pillay,pratima.pillay.2011@business.eunoia.edu.sg,F,3.18
Nitin Pillay,nitin.pillay.2013@business.eunoia.edu.sg,F,3.18
Naomi LAM,naomi.lam.2014@sis.eunoia.edu.sg,F,3.18
Varsha  Pillay,varsha.pillay.2013@business.eunoia.edu.sg,F,3.19
Trivikram Pillay,trivikram.pillay.2013@business.eunoia.edu.sg,F,3.19
Theodore Kong,theodore.kong.2012@sis.eunoia.edu.sg,M,3.19
Ryan Kong,ryan.kong.2013@sis.eunoia.edu.sg,M,3.19
Roderic Kong,roderic.kong.2013@sis.eunoia.edu.sg,M,3.19
Renu Pillay,renu.pillay.2014@business.eunoia.edu.sg,F,3.19
Paramjit Pillay,paramjit.pillay.2011@business.eunoia.edu.sg,F,3.19
Otto Kong,otto.kong.2013@sis.eunoia.edu.sg,M,3.19
Mahim Pillay,mahim.pillay.2013@business.eunoia.edu.sg,F,3.2
Wilfred Kong,wilfred.kong.2013@sis.eunoia.edu.sg,M,3.21
Vardhman Pillay,vardhman.pillay.2013@business.eunoia.edu.sg,F,3.21
Simone LAM,simone.lam.2013@sis.eunoia.edu.sg,F,3.21
Shanta Pillay,shanta.pillay.2011@business.eunoia.edu.sg,F,3.21
Russell Kong,russell.kong.2013@sis.eunoia.edu.sg,M,3.21
Praneel Pillay,praneel.pillay.2013@business.eunoia.edu.sg,F,3.21
Max Kong,max.kong.2013@sis.eunoia.edu.sg,M,3.21
Winifred LAM,winifred.lam.2013@sis.eunoia.edu.sg,F,3.22
Vidhya Pillay,vidhya.pillay.2013@business.eunoia.edu.sg,F,3.22
Shauni Pillay,shauni.pillay.2011@business.eunoia.edu.sg,F,3.22
Samir Pillay,samir.pillay.2012@business.eunoia.edu.sg,F,3.22
Peg LAM,peg.lam.2013@sis.eunoia.edu.sg,F,3.22
Oona LAM,oona.lam.2012@sis.eunoia.edu.sg,F,3.22
Murtagh Kong,murtagh.kong.2013@sis.eunoia.edu.sg,M,3.22
Yves Kong,yves.kong.2013@sis.eunoia.edu.sg,M,3.23
Thamizhselvi Pillay,thamizhselvi.pillay.2010@business.eunoia.edu.sg,F,3.23
Sylvester Kong,sylvester.kong.2014@sis.eunoia.edu.sg,M,3.23
Sudha Pillay,sudha.pillay.2013@business.eunoia.edu.sg,F,3.23
Shreerang Pillay,shreerang.pillay.2012@business.eunoia.edu.sg,F,3.23
Regina LAM,regina.lam.2014@sis.eunoia.edu.sg,F,3.23
Ramona LAM,ramona.lam.2011@sis.eunoia.edu.sg,F,3.23
Rahul Pillay,rahul.pillay.2010@business.eunoia.edu.sg,F,3.23
Pauline LAM,pauline.lam.2013@sis.eunoia.edu.sg,F,3.23
Myrtle LAM,myrtle.lam.2013@sis.eunoia.edu.sg,F,3.24
Wilhelmina LAM,wilhelmina.lam.2011@sis.eunoia.edu.sg,F,3.25
Teresa LAM,teresa.lam.2014@sis.eunoia.edu.sg,F,3.25
Sharada Pillay,sharada.pillay.2011@business.eunoia.edu.sg,F,3.25
Raveena Pillay,raveena.pillay.2011@business.eunoia.edu.sg,F,3.25
Oswald Kong,oswald.kong.2014@sis.eunoia.edu.sg,M,3.25
Nameer Pillay,nameer.pillay.2013@business.eunoia.edu.sg,F,3.25
Mahesh Pillay,mahesh.pillay.2013@business.eunoia.edu.sg,F,3.25
Wilbur Kong,wilbur.kong.2013@sis.eunoia.edu.sg,M,3.26
Vidhi Pillay,vidhi.pillay.2013@business.eunoia.edu.sg,F,3.26
Vagish Pillay,vagish.pillay.2011@business.eunoia.edu.sg,F,3.26
Trudy LAM,trudy.lam.2014@sis.eunoia.edu.sg,F,3.26
Stefanie LAM,stefanie.lam.2014@sis.eunoia.edu.sg,F,3.26
Shankar Pillay,shankar.pillay.2012@business.eunoia.edu.sg,F,3.26
Sameer Pillay,sameer.pillay.2010@business.eunoia.edu.sg,F,3.26
Roxane LAM,roxane.lam.2010@sis.eunoia.edu.sg,F,3.26
Roderick Kong,roderick.kong.2013@sis.eunoia.edu.sg,M,3.26
Purnima Pillay,purnima.pillay.2013@business.eunoia.edu.sg,F,3.26
Neil Kong,neil.kong.2014@sis.eunoia.edu.sg,M,3.26
Tajinder Pillay,tajinder.pillay.2010@business.eunoia.edu.sg,F,3.27
Randy Kong,randy.kong.2014@sis.eunoia.edu.sg,M,3.27
Nina Pillay,nina.pillay.2013@business.eunoia.edu.sg,F,3.27
Zachariah Kong,zachariah.kong.2012@sis.eunoia.edu.sg,M,3.28
Thamizhselvan Pillay,thamizhselvan.pillay.2011@business.eunoia.edu.sg,F,3.28
Sumathi Pillay,sumathi.pillay.2013@business.eunoia.edu.sg,F,3.28
Rebecca LAM,rebecca.lam.2014@sis.eunoia.edu.sg,F,3.28
Peter Kong,peter.kong.2013@sis.eunoia.edu.sg,M,3.28
Parvati Pillay,parvati.pillay.2010@business.eunoia.edu.sg,F,3.28
Therese LAM,therese.lam.2012@sis.eunoia.edu.sg,F,3.29
Reymond Kong,reymond.kong.2013@sis.eunoia.edu.sg,M,3.29
Moses Kong,moses.kong.2013@sis.eunoia.edu.sg,M,3.29
May LAM,may.lam.2012@sis.eunoia.edu.sg,F,3.3
Soheb Pillay,soheb.pillay.2013@business.eunoia.edu.sg,F,3.31
Pratik Pillay,pratik.pillay.2010@business.eunoia.edu.sg,F,3.31
Parna Pillay,parna.pillay.2012@business.eunoia.edu.sg,F,3.31
Woolfgang Kong,woolfgang.kong.2013@sis.eunoia.edu.sg,M,3.32
Wilmett LAM,wilmett.lam.2011@sis.eunoia.edu.sg,F,3.32
Sheila LAM,sheila.lam.2013@sis.eunoia.edu.sg,F,3.32
Shaunak Pillay,shaunak.pillay.2012@business.eunoia.edu.sg,F,3.32
Osmund Kong,osmund.kong.2010@sis.eunoia.edu.sg,M,3.32
Will Kong,will.kong.2011@sis.eunoia.edu.sg,M,3.33
Sharath Pillay,sharath.pillay.2010@business.eunoia.edu.sg,F,3.33
Marion LAM,marion.lam.2013@sis.eunoia.edu.sg,F,3.33
Manual Kong,manual.kong.2013@sis.eunoia.edu.sg,M,3.33
William Kong,william.kong.2010@sis.eunoia.edu.sg,M,3.34
Sofia LAM,sofia.lam.2012@sis.eunoia.edu.sg,F,3.34
Sharon LAM,sharon.lam.2011@sis.eunoia.edu.sg,F,3.34
Pratibha Pillay,pratibha.pillay.2011@business.eunoia.edu.sg,F,3.34
Osmond Kong,osmond.kong.2011@sis.eunoia.edu.sg,M,3.34
Noel Kong,noel.kong.2014@sis.eunoia.edu.sg,M,3.34
Nathaneal Kong,nathaneal.kong.2011@sis.eunoia.edu.sg,M,3.34
Nupur Pillay,nupur.pillay.2013@business.eunoia.edu.sg,F,3.36
Nivedita Pillay,nivedita.pillay.2013@business.eunoia.edu.sg,F,3.36
Solomon Kong,solomon.kong.2013@sis.eunoia.edu.sg,M,3.37
Pratiksha Pillay,pratiksha.pillay.2012@business.eunoia.edu.sg,F,3.37
Obadiah Fan,obadiah.fan.2013@economics.eunoia.edu.sg,M,3.4
Sonya LAM,sonya.lam.2010@sis.eunoia.edu.sg,F,3.41
Praveen Pillay,praveen.pillay.2012@business.eunoia.edu.sg,F,3.41
Merlion Fan,merlion.fan.2011@economics.eunoia.edu.sg,M,3.41
Mahadevan Pillay,mahadevan.pillay.2013@business.eunoia.edu.sg,F,3.41
Murugesan Pillay,murugesan.pillay.2010@business.eunoia.edu.sg,F,3.42
Miles Kong,miles.kong.2012@sis.eunoia.edu.sg,M,3.42
Maya Pillay,maya.pillay.2014@business.eunoia.edu.sg,F,3.42
Tanvi Pillay,tanvi.pillay.2012@business.eunoia.edu.sg,F,3.43
Sophy LAM,sophy.lam.2014@sis.eunoia.edu.sg,F,3.43
Ranjit Pillay,ranjit.pillay.2012@business.eunoia.edu.sg,F,3.43
Prem Pillay,prem.pillay.2014@business.eunoia.edu.sg,F,3.43
Mrudula Pillay,mrudula.pillay.2010@business.eunoia.edu.sg,F,3.43
Vera LAM,vera.lam.2011@sis.eunoia.edu.sg,F,3.44
Sudhakar Pillay,sudhakar.pillay.2013@business.eunoia.edu.sg,F,3.44
Sucharitha Pillay,sucharitha.pillay.2013@business.eunoia.edu.sg,F,3.44
Sadie LAM,sadie.lam.2014@sis.eunoia.edu.sg,F,3.44
Rahul Pillay,rahul.pillay.2012@business.eunoia.edu.sg,F,3.44
Raghuram Pillay,raghuram.pillay.2011@business.eunoia.edu.sg,F,3.44
Norbert Kong,norbert.kong.2014@sis.eunoia.edu.sg,M,3.44
Minna LAM,minna.lam.2010@sis.eunoia.edu.sg,F,3.45
Sunipa Pillay,sunipa.pillay.2013@business.eunoia.edu.sg,F,3.46
Rajul Pillay,rajul.pillay.2013@business.eunoia.edu.sg,F,3.46
Perez Kong,perez.kong.2014@sis.eunoia.edu.sg,M,3.46
Yeshawant Pillay,yeshawant.pillay.2010@business.eunoia.edu.sg,F,3.47
Shivam Pillay,shivam.pillay.2013@business.eunoia.edu.sg,F,3.47
Neel Pillay,neel.pillay.2013@business.eunoia.edu.sg,F,3.47
Nagaveni Pillay,nagaveni.pillay.2011@business.eunoia.edu.sg,F,3.47
Malcolm Kong,malcolm.kong.2013@sis.eunoia.edu.sg,M,3.47
Tamar Fan,tamar.fan.2012@economics.eunoia.edu.sg,M,3.48
Ranjini Pillay,ranjini.pillay.2010@business.eunoia.edu.sg,F,3.48
Theresa LAM,theresa.lam.2013@sis.eunoia.edu.sg,F,3.51
Rex Kong,rex.kong.2012@sis.eunoia.edu.sg,M,3.51
Parag Pillay,parag.pillay.2012@business.eunoia.edu.sg,F,3.51
Orson Kong,orson.kong.2012@sis.eunoia.edu.sg,M,3.51
Myra LAM,myra.lam.2013@sis.eunoia.edu.sg,F,3.51
Maurice Kong,maurice.kong.2013@sis.eunoia.edu.sg,M,3.52
Urmila Pillay,urmila.pillay.2013@business.eunoia.edu.sg,F,3.53
Rose LAM,rose.lam.2013@sis.eunoia.edu.sg,F,3.53
Murray Kong,murray.kong.2013@sis.eunoia.edu.sg,M,3.53
Margot LAM,margot.lam.2013@sis.eunoia.edu.sg,F,3.53
Michaela LAM,michaela.lam.2014@sis.eunoia.edu.sg,F,3.54
Maxine LAM,maxine.lam.2013@sis.eunoia.edu.sg,F,3.54
Maureen LAM,maureen.lam.2013@sis.eunoia.edu.sg,F,3.54
Sravan Pillay,sravan.pillay.2012@business.eunoia.edu.sg,F,3.56
Priyadarshini Pillay,priyadarshini.pillay.2013@business.eunoia.edu.sg,F,3.56
Srikanth Pillay,srikanth.pillay.2012@business.eunoia.edu.sg,F,3.57
Priysabratha Pillay,priysabratha.pillay.2013@business.eunoia.edu.sg,F,3.57
Nicholas Kong,nicholas.kong.2011@sis.eunoia.edu.sg,M,3.58
Namratha Pillay,namratha.pillay.2013@business.eunoia.edu.sg,F,3.58
Mina LAM,mina.lam.2012@sis.eunoia.edu.sg,F,3.58
Susan LAM,susan.lam.2013@sis.eunoia.edu.sg,F,3.59
Ramachandra Pillay,ramachandra.pillay.2013@business.eunoia.edu.sg,F,3.59
Merlin Kong,merlin.kong.2013@sis.eunoia.edu.sg,M,3.59
Subramani Pillay,subramani.pillay.2014@business.eunoia.edu.sg,F,3.6
Rafaela LAM,rafaela.lam.2013@sis.eunoia.edu.sg,F,3.6
Onkar Pillay,onkar.pillay.2013@business.eunoia.edu.sg,F,3.62
Noreen LAM,noreen.lam.2014@sis.eunoia.edu.sg,F,3.62
Varna Pillay,varna.pillay.2013@business.eunoia.edu.sg,F,3.63
Ruth LAM,ruth.lam.2013@sis.eunoia.edu.sg,F,3.63
Sunil Pillay,sunil.pillay.2013@business.eunoia.edu.sg,F,3.65
Raju Pillay,raju.pillay.2013@business.eunoia.edu.sg,F,3.65
Victor Kong,victor.kong.2014@sis.eunoia.edu.sg,M,3.66
Vaishali Pillay,vaishali.pillay.2010@business.eunoia.edu.sg,F,3.66
Sydney Kong,sydney.kong.2010@sis.eunoia.edu.sg,M,3.66
Shruti Pillay,shruti.pillay.2012@business.eunoia.edu.sg,F,3.66
Salomea LAM,salomea.lam.2013@sis.eunoia.edu.sg,F,3.66
Ruby LAM,ruby.lam.2011@sis.eunoia.edu.sg,F,3.66
Rameshwara Pillay,rameshwara.pillay.2012@business.eunoia.edu.sg,F,3.66
Portia LAM,portia.lam.2013@sis.eunoia.edu.sg,F,3.66
Paschal Kong,paschal.kong.2012@sis.eunoia.edu.sg,M,3.67
Peggy LAM,peggy.lam.2012@sis.eunoia.edu.sg,F,3.68
Nadine LAM,nadine.lam.2011@sis.eunoia.edu.sg,F,3.69
Muralikrishna Pillay,muralikrishna.pillay.2012@business.eunoia.edu.sg,F,3.69
Valerie LAM,valerie.lam.2013@sis.eunoia.edu.sg,F,3.7
Rudolf Kong,rudolf.kong.2014@sis.eunoia.edu.sg,M,3.7
Natalie LAM,natalie.lam.2014@sis.eunoia.edu.sg,F,3.71
Nagendran Pillay,nagendran.pillay.2010@business.eunoia.edu.sg,F,3.71
Marie LAM,marie.lam.2013@sis.eunoia.edu.sg,F,3.71
Wanda LAM,wanda.lam.2013@sis.eunoia.edu.sg,F,3.72
Seetha Pillay,seetha.pillay.2013@business.eunoia.edu.sg,F,3.72
Nannette LAM,nannette.lam.2014@sis.eunoia.edu.sg,F,3.72
Zachary Kong,zachary.kong.2011@sis.eunoia.edu.sg,M,3.74
Thana Pillay,thana.pillay.2013@business.eunoia.edu.sg,F,3.74
Margo LAM,margo.lam.2011@sis.eunoia.edu.sg,F,3.75
Patrick Kong,patrick.kong.2012@sis.eunoia.edu.sg,M,3.77
Mukul Pillay,mukul.pillay.2012@business.eunoia.edu.sg,F,3.77
Sybil LAM,sybil.lam.2011@sis.eunoia.edu.sg,F,3.78
Ramesh Pillay,ramesh.pillay.2013@business.eunoia.edu.sg,F,3.78
Nathalie LAM,nathalie.lam.2013@sis.eunoia.edu.sg,F,3.78
Shobha Pillay,shobha.pillay.2013@business.eunoia.edu.sg,F,3.79
Philip WONG,philip.wong.2012@law.eunoia.edu.sg,M,3.79
Vidya Pillay,vidya.pillay.2013@business.eunoia.edu.sg,F,3.82
Sampada Pillay,sampada.pillay.2011@business.eunoia.edu.sg,F,3.82
Nathan Kong,nathan.kong.2011@sis.eunoia.edu.sg,M,3.82
Maude LAM,maude.lam.2014@sis.eunoia.edu.sg,F,3.82
Soumya Pillay,soumya.pillay.2011@business.eunoia.edu.sg,F,3.83
Pritam Pillay,pritam.pillay.2013@business.eunoia.edu.sg,F,3.83
Suraj Pillay,suraj.pillay.2013@business.eunoia.edu.sg,F,3.86
Raka Pillay,raka.pillay.2013@business.eunoia.edu.sg,F,3.86
Neelam Pillay,neelam.pillay.2013@business.eunoia.edu.sg,F,3.87
Neison Kong,neison.kong.2013@sis.eunoia.edu.sg,M,3.9
Wendell Kong,wendell.kong.2014@sis.eunoia.edu.sg,M,3.91
Vaman Pillay,vaman.pillay.2011@business.eunoia.edu.sg,F,3.91
Shrinath Pillay,shrinath.pillay.2011@business.eunoia.edu.sg,F,3.91
Shamira Pillay,shamira.pillay.2013@business.eunoia.edu.sg,F,3.91
Rudra Pillay,rudra.pillay.2013@business.eunoia.edu.sg,F,3.91
Pompy Pillay,pompy.pillay.2012@business.eunoia.edu.sg,F,3.91
Marshal Kong,marshal.kong.2011@sis.eunoia.edu.sg,M,3.91
Vaijayanti Pillay,vaijayanti.pillay.2011@business.eunoia.edu.sg,F,3.93
Terrance Kong,terrance.kong.2013@sis.eunoia.edu.sg,M,3.93
Royston Fan,royston.fan.2013@economics.eunoia.edu.sg,M,3.93
Ravi Pillay,ravi.pillay.2013@business.eunoia.edu.sg,F,3.93
Terri Kong,terri.kong.2013@sis.eunoia.edu.sg,M,3.97
Ravi Pillay,ravi.pillay.2010@business.eunoia.edu.sg,F,3.97
Yashoda Pillay,yashoda.pillay.2011@business.eunoia.edu.sg,F,3.99
Shilu Pillay,shilu.pillay.2013@business.eunoia.edu.sg,F,3.99
Nellie LAM,nellie.lam.2013@sis.eunoia.edu.sg,F,3.99
Sitaram Pillay,sitaram.pillay.2013@business.eunoia.edu.sg,F,4
Prarthna Pillay,prarthna.pillay.2013@business.eunoia.edu.sg,F,4
Wendy LAM,wendy.lam.2012@sis.eunoia.edu.sg,F,4.13
Shamsunder Pillay,shamsunder.pillay.2013@business.eunoia.edu.sg,F,4.13
